{"cameraMode":{"drawMode":0,"name":"Shaded","section":"Shading Mode"},"sceneLighting":true,"audioPlay":false,"sceneViewState":{"m_AlwaysRefresh":false,"showFog":true,"showSkybox":false,"showFlares":true,"showImageEffects":true,"showParticleSystems":true,"showVisualEffectGraphs":true,"m_FxEnabled":true},"in2DMode":false,"pivot":{"x":-4.540684700012207,"y":2.5349884033203127,"z":-13.064702987670899},"rotation":{"x":0.30965572595596316,"y":-0.3180529773235321,"z":0.11081133037805557,"w":0.8892638683319092},"size":13.656000137329102,"orthographic":false}